"Watershed","Centrarchids","Species_Richness","Evenness"
"BV_Achigan",21,12,0.660389056715959
"BV_Coeur",9,3,0.752396911372438
"BV_Connelly",16,6,0.652161971257789
"BV_Cornu",3,3,0.549600091263481
"BV_Echo",12,8,0.410944914568879
"BV_Morency",13,3,0.345510055893917
